{"version":"0.4","title":"Home","type":"post","content":[{"id":"45d0501f","settings":{"background_background":"gradient","background_color":"#ff00cc","background_color_b":"#333399","padding":{"unit":"px","top":"20","right":"0","bottom":"30","left":"0","isLinked":false}},"elements":[{"id":"750240a8","settings":{"_column_size":100},"elements":[{"id":"a91afb1","settings":{"section_button":"","text":"Selamat! Anda mempunyai kesempatan untuk mendapatkan INCOME tambahan setiap bulan, Pelajari Caranya Sekarang.","link":{"is_external":"","url":"#buy"},"align":"center","size":"lg","floating_description":"","floating":"no","section_style":"","button_text_color":"#ffffff","typography_typography":"custom","typography_font_size":{"unit":"px","size":19},"typography_font_size_tablet":{"unit":"px","size":"16"},"typography_font_size_mobile":{"unit":"px","size":12},"typography_font_family":"Lato","typography_font_weight":"500","background_color":"rgba(0,0,0,0)","border_border":"dotted","border_width":{"unit":"px","top":"2","right":"2","bottom":"2","left":"2","isLinked":true},"border_color":"#ffffff","border_radius":{"unit":"px","top":"50","right":"50","bottom":"50","left":"50","isLinked":true},"section_hover":"","_section_style":"","_animation":"fadeIn","_section_background":"","_box_shadow_box_shadow":{"horizontal":0,"vertical":0,"blur":10,"spread":0,"inset":"","color":"rgba(0,0,0,0.5)"},"_section_responsive":"","responsive_description":"","section_custom_css_pro":"","custom_css_pro":"","tabs_button_style":"","tab_button_normal":"","tab_button_hover":"","floating_bg_color":"#ffffff","typography_line_height_mobile":{"unit":"em","size":1.8},"typography_line_height":{"unit":"em","size":1.6,"sizes":[]},"_margin_mobile":{"unit":"px","top":"0","right":"0","bottom":"0","left":"0","isLinked":true},"_padding_mobile":{"unit":"px","top":"0","right":"0","bottom":"0","left":"0","isLinked":true},"eael_tooltip_section_content":"I am a tooltip"},"elements":[],"isInner":false,"widgetType":"button","elType":"widget"},{"id":"5b808055","settings":{"title":"Kami siapkan produknya, diajari cara jualannya, tak perlu stok barang, cukup dirumah saja, jualan online produk yang laris dan anda dapat Income Tambahan setiap Hari.","align":"center","title_color":"#ffffff","typography_typography":"custom","typography_font_family":"Varela Round","typography_font_size":{"unit":"px","size":42},"typography_font_size_mobile":{"unit":"px","size":17},"typography_line_height":{"unit":"em","size":1.2},"typography_letter_spacing":{"unit":"px","size":1.7},"_margin":{"unit":"px","top":"0","right":"40","bottom":"0","left":"40","isLinked":false},"_margin_mobile":{"unit":"px","top":"0","right":"0","bottom":"0","left":"0","isLinked":false},"_padding_mobile":{"unit":"px","top":"20","right":"5","bottom":"10","left":"05","isLinked":false},"_animation":"zoomIn","animation_duration":"fast","typography_line_height_mobile":{"unit":"em","size":1.4,"sizes":[]},"eael_tooltip_section_content":"I am a tooltip"},"elements":[],"isInner":false,"widgetType":"heading","elType":"widget"},{"id":"7eb5db8a","settings":{"margin":{"unit":"px","top":"0","right":0,"bottom":"0","left":0,"isLinked":false},"padding":{"unit":"px","top":"53","right":"0","bottom":"50","left":"0","isLinked":false},"padding_mobile":{"unit":"px","top":"0","right":"0","bottom":"0","left":"0","isLinked":true}},"elements":[{"id":"555f42ba","settings":{"_column_size":100,"_inline_size":null},"elements":[{"id":"696d644e","settings":{"text":"GABUNG SEKARANG","link":{"url":"#mau","is_external":"","nofollow":""},"align":"center","size":"lg","typography_typography":"custom","typography_font_weight":"bold","hover_color":"#ffffff","button_background_hover_color":"rgba(255,255,255,0)","button_hover_border_color":"#ffc539","hover_animation":"bounce-in","border_border":"groove","_animation":"bounceIn","background_color":"#ffdd35","button_text_color":"#000000","eael_tooltip_section_content":"I am a tooltip"},"elements":[],"isInner":false,"widgetType":"button","elType":"widget"}],"isInner":true,"elType":"column"}],"isInner":true,"elType":"section"},{"id":"75643443","settings":{"anchor":"mau","eael_tooltip_section_content":"I am a tooltip"},"elements":[],"isInner":false,"widgetType":"menu-anchor","elType":"widget"}],"isInner":false,"elType":"column"}],"isInner":false,"elType":"section"},{"id":"51035db2","settings":{"background_background":"classic","border_border":"dashed","border_width":{"unit":"px","top":"0","right":"0","bottom":"0","left":"0","isLinked":false},"background_color_b":"#a9287b","background_gradient_angle":{"unit":"deg","size":270},"background_overlay_background":"classic","background_overlay_color":"#000000","background_overlay_opacity":{"unit":"px","size":"0.95"},"background_attachment":"fixed","margin":{"unit":"px","top":"","right":0,"bottom":"","left":0,"isLinked":true},"padding":{"unit":"px","top":"020","right":"0","bottom":"20","left":"0","isLinked":false},"padding_mobile":{"unit":"px","top":"0","right":"0","bottom":"0","left":"0","isLinked":true}},"elements":[{"id":"1c94e356","settings":{"_column_size":100,"_inline_size":null},"elements":[{"id":"3dc44279","settings":{"content_width":{"unit":"px","size":"700"}},"elements":[{"id":"6bcd0da7","settings":{"_column_size":100,"_inline_size":null},"elements":[{"id":"7d0ba33c","settings":{"title":"PELUANG BISNIS FASHION","align":"center","typography_typography":"custom","typography_font_size":{"unit":"px","size":34},"typography_font_family":"Lato","title_color":"#ffffff","typography_font_size_mobile":{"unit":"px","size":19},"typography_line_height":{"unit":"em","size":1.2},"eael_tooltip_section_content":"I am a tooltip"},"elements":[],"isInner":false,"widgetType":"heading","elType":"widget"},{"id":"3707a84","settings":{"space":{"unit":"px","size":"5"},"eael_tooltip_section_content":"I am a tooltip"},"elements":[],"isInner":false,"widgetType":"spacer","elType":"widget"}],"isInner":true,"elType":"column"}],"isInner":true,"elType":"section"}],"isInner":false,"elType":"column"}],"isInner":false,"elType":"section"},{"id":"4ff0e56a","settings":{"margin":{"unit":"px","top":"0","right":0,"bottom":"0","left":0,"isLinked":false},"background_background":"classic","background_color":"#ffffff"},"elements":[{"id":"60dcd5d5","settings":{"_column_size":100},"elements":[{"id":"5dd51976","settings":{"structure":"20","padding":{"unit":"px","top":"30","right":"0","bottom":"0","left":"0","isLinked":false}},"elements":[{"id":"295853e6","settings":{"_column_size":50,"_inline_size":64.577},"elements":[{"id":"14f59cfb","settings":{"title":"Assalamualaikum <em><strong><span style=\"color: #ffb200\">Bunda...<\/span><\/strong><\/em>","align":"left","title_color":"rgba(0,0,0,0.74)","typography_typography":"custom","typography_font_size":{"unit":"px","size":31},"typography_font_family":"Lato","_margin":{"unit":"px","top":"-10","right":"0","bottom":"0","left":"0","isLinked":false},"typography_font_size_mobile":{"unit":"px","size":20},"typography_line_height":{"unit":"em","size":1.1},"eael_tooltip_section_content":"I am a tooltip"},"elements":[],"isInner":false,"widgetType":"heading","elType":"widget"},{"id":"6c27484b","settings":{"title":"Apakah bunda ingin menjadi pengusaha namun tidak memiliki produk dan pengalaman?\n","title_color":"#f73900","typography_typography":"custom","typography_font_size":{"unit":"px","size":20,"sizes":[]},"typography_font_weight":"500","typography_line_height":{"unit":"em","size":1.3,"sizes":[]},"typography_font_size_mobile":{"unit":"px","size":16,"sizes":[]},"eael_tooltip_section_content":"I am a tooltip"},"elements":[],"isInner":false,"widgetType":"heading","elType":"widget"},{"id":"74c18475","settings":{"title":"Atau ingin jualan tapi belum tahu caranya ?\n","title_color":"#f73900","typography_typography":"custom","typography_font_size":{"unit":"px","size":20,"sizes":[]},"typography_line_height":{"unit":"em","size":1.3,"sizes":[]},"typography_font_size_mobile":{"unit":"px","size":16,"sizes":[]},"eael_tooltip_section_content":"I am a tooltip"},"elements":[],"isInner":false,"widgetType":"heading","elType":"widget"},{"id":"4a68a298","settings":{"editor":"<p>Hai bunda yang budiman, terima kasih telah mampir kehalaman ini, kami yakin bunda orang yang luar biasa! yu kenalan terlebih dahulu...<\/p><p>Pabrik Hijab merupakan Brand Fashion Muslimah yang mengedepankan konsep elegan dan stylish yang berada di Bandung. Kami menjual Produk muslimah seperti Legging, Jilbab, Gamis, Phasmina, Celana dan Aksesoris.\u00a0<\/p><p><span style=\"font-weight: bold;\">Kini Kami Membuka Peluang Kerjasama<\/span><\/p><p>Kami membuka kesempatan untuk mengajak bunda bergabung menjadi bagian dari keluarga besar kami. Dengan bergabung menjadi Reseller Kami, bunda bisa jualan sambil mendapatkan materi cara jualannya.<\/p><p>\u00a0<\/p>","align":"left","text_color":"#000000","typography_typography":"custom","typography_font_size":{"unit":"px","size":"22"},"typography_font_family":"Lato","typography_font_weight":"300","typography_font_size_mobile":{"unit":"px","size":17},"eael_tooltip_section_content":"I am a tooltip"},"elements":[],"isInner":false,"widgetType":"text-editor","elType":"widget"}],"isInner":true,"elType":"column"},{"id":"39d29ad5","settings":{"_column_size":50,"_inline_size":35.423},"elements":[{"id":"7f3a7a2a","settings":{"image":{"id":143,"url":"https:\/\/mitra.phhijab.com\/wp-content\/uploads\/2019\/08\/MFK-3051-768x768.jpg"},"image_size":"medium","eael_tooltip_section_content":"I am a tooltip"},"elements":[],"isInner":false,"widgetType":"image","elType":"widget"},{"id":"47e2c73f","settings":{"text":"Yuk Bersama Kami, Kita Belajar Jualan Online Yang Mudah...","align":"left","typography_typography":"custom","typography_font_size":{"unit":"px","size":22,"sizes":[]},"typography_line_height":{"unit":"em","size":1.3,"sizes":[]},"link":{"url":"#uy","is_external":"","nofollow":""},"typography_font_size_mobile":{"unit":"px","size":16,"sizes":[]},"eael_tooltip_section_content":"I am a tooltip"},"elements":[],"isInner":false,"widgetType":"button","elType":"widget"}],"isInner":true,"elType":"column"}],"isInner":true,"elType":"section"},{"id":"1bd7fd63","settings":{"anchor":"uy","eael_tooltip_section_content":"I am a tooltip"},"elements":[],"isInner":false,"widgetType":"menu-anchor","elType":"widget"}],"isInner":false,"elType":"column"}],"isInner":false,"elType":"section"},{"id":"742a7ed0","settings":{"background_background":"classic","border_border":"dashed","border_width":{"unit":"px","top":"0","right":"0","bottom":"0","left":"0","isLinked":false},"background_color_b":"#a9287b","background_gradient_angle":{"unit":"deg","size":270},"background_overlay_background":"classic","background_overlay_color":"#000000","background_overlay_opacity":{"unit":"px","size":"0.95"},"background_attachment":"fixed"},"elements":[{"id":"401a36e","settings":{"_column_size":100,"_inline_size":null},"elements":[{"id":"1c7155de","settings":{"space":{"unit":"px","size":10},"eael_tooltip_section_content":"I am a tooltip"},"elements":[],"isInner":false,"widgetType":"spacer","elType":"widget"},{"id":"6d5796b7","settings":{"content_width":{"unit":"px","size":"700"}},"elements":[{"id":"6998cf1f","settings":{"_column_size":100,"_inline_size":null},"elements":[{"id":"1f674bb","settings":{"title":"<p>Keuntungan menjadi Reseller<br>\n<span style=\"color: #FECB01; background-color: initial;\">Pabrik Hijab<\/span><span style=\"background-color: initial;\"><\/span><\/p>","align":"center","typography_typography":"custom","typography_font_size":{"unit":"px","size":34},"typography_font_family":"Lato","title_color":"#ffffff","typography_font_size_mobile":{"unit":"px","size":19},"typography_line_height":{"unit":"em","size":1.3},"eael_tooltip_section_content":"I am a tooltip"},"elements":[],"isInner":false,"widgetType":"heading","elType":"widget"}],"isInner":true,"elType":"column"}],"isInner":true,"elType":"section"}],"isInner":false,"elType":"column"}],"isInner":false,"elType":"section"},{"id":"60bc25ea","settings":{"margin":{"unit":"px","top":"0","right":0,"bottom":"0","left":0,"isLinked":false},"background_background":"classic","background_color":"#ffffff"},"elements":[{"id":"1bffc625","settings":{"_column_size":100},"elements":[{"id":"d5e42b6","settings":{"structure":"30","background_background":"classic"},"elements":[{"id":"6d6f07bc","settings":{"_column_size":33,"_inline_size":null},"elements":[{"id":"48d8170c","settings":{"image":{"id":101,"url":"https:\/\/mitra.phhijab.com\/wp-content\/uploads\/2019\/07\/2000px-Discount_Flat_Icon_Vector.svg_-1.png"},"title_text":"DISKON BESAR","description_text":"Bunda akan mendapatkan diskon produk yang BESAR. Diskon hingga 30%, semakin banyak semakin besar keuntunganya!","image_size":{"unit":"%","size":50},"title_color":"#000000","title_typography_typography":"custom","title_typography_font_family":"Lato","description_typography_typography":"custom","description_typography_font_family":"Lato","description_typography_font_size":{"unit":"px","size":17},"eael_tooltip_section_content":"I am a tooltip"},"elements":[],"isInner":false,"widgetType":"image-box","elType":"widget"}],"isInner":true,"elType":"column"},{"id":"478df297","settings":{"_column_size":33,"_inline_size":null},"elements":[{"id":"4989c18a","settings":{"image":{"id":102,"url":"https:\/\/mitra.phhijab.com\/wp-content\/uploads\/2019\/07\/www.maxpixel.net-Folder-Web-Sign-Icon-Web-Icons-Internet-Symbol-2389217.png"},"title_text":"MARKETING KIT","description_text":"Bunda akan mendapatkan file-file pendukung jualan. Seperti katalog, gambar, testimoni, copywriting, dan sebagainya. Jualan Semakin Mudah!","image_size":{"unit":"%","size":50},"title_color":"#000000","title_typography_typography":"custom","title_typography_font_family":"Lato","description_typography_typography":"custom","description_typography_font_family":"Lato","description_typography_font_size":{"unit":"px","size":17},"eael_tooltip_section_content":"I am a tooltip"},"elements":[],"isInner":false,"widgetType":"image-box","elType":"widget"}],"isInner":true,"elType":"column"},{"id":"3e8c0232","settings":{"_column_size":33,"_inline_size":null},"elements":[{"id":"62d33bff","settings":{"image":{"id":103,"url":"https:\/\/mitra.phhijab.com\/wp-content\/uploads\/2019\/07\/book.png"},"title_text":"EDUKASI UPDATE","description_text":"Bunda akan mendapat pembelajaran toko online tiap minggu plus ebook dan video mengenai panduan socmed marketing seperti FB Ads, Instagram marketing dan lainya.","image_size":{"unit":"%","size":50},"title_color":"#000000","title_typography_typography":"custom","title_typography_font_family":"Lato","description_typography_typography":"custom","description_typography_font_family":"Lato","description_typography_font_size":{"unit":"px","size":17},"eael_tooltip_section_content":"I am a tooltip"},"elements":[],"isInner":false,"widgetType":"image-box","elType":"widget"}],"isInner":true,"elType":"column"}],"isInner":true,"elType":"section"},{"id":"3298beaf","settings":{"structure":"30"},"elements":[{"id":"41fc7cb6","settings":{"_column_size":33,"_inline_size":null},"elements":[{"id":"5fdedf3b","settings":{"image":{"id":104,"url":"https:\/\/mitra.phhijab.com\/wp-content\/uploads\/2019\/07\/group.png"},"title_text":"DISEDIAKAN GRUP DISKUSI","description_text":"Bunda akan diberi akses grup diskusi privat di WA agar memudahkan bunda untuk bertanya jadi gak usah pusing-pusing.","image_size":{"unit":"%","size":50},"title_color":"#000000","title_typography_typography":"custom","title_typography_font_family":"Lato","description_typography_typography":"custom","description_typography_font_family":"Lato","description_typography_font_size":{"unit":"px","size":17},"eael_tooltip_section_content":"I am a tooltip"},"elements":[],"isInner":false,"widgetType":"image-box","elType":"widget"}],"isInner":true,"elType":"column"},{"id":"1da321b4","settings":{"_column_size":33,"_inline_size":null},"elements":[{"id":"792b505d","settings":{"image":{"id":105,"url":"https:\/\/mitra.phhijab.com\/wp-content\/uploads\/2019\/07\/box-packing-peanut-512.png"},"title_text":"DAPAT PRODUK","description_text":"Anda bisa mendaftar dengan paket produk dan bunda resmi menjadi Reseller dan mendapatkan semua benefitnya.","image_size":{"unit":"%","size":50},"title_color":"#000000","title_typography_typography":"custom","title_typography_font_family":"Lato","description_typography_typography":"custom","description_typography_font_family":"Lato","description_typography_font_size":{"unit":"px","size":17},"eael_tooltip_section_content":"I am a tooltip"},"elements":[],"isInner":false,"widgetType":"image-box","elType":"widget"}],"isInner":true,"elType":"column"},{"id":"4a2eae0f","settings":{"_column_size":33,"_inline_size":null},"elements":[{"id":"5e91600d","settings":{"image":{"id":106,"url":"https:\/\/mitra.phhijab.com\/wp-content\/uploads\/2019\/07\/iconfinder_-02_1720772.png"},"title_text":"DAPAT HADIAH","description_text":"Bunda yang berprestasi akan berpeluang mendapatkan reward dari kami.","image_size":{"unit":"%","size":50},"title_color":"#000000","title_typography_typography":"custom","title_typography_font_family":"Lato","description_typography_typography":"custom","description_typography_font_family":"Lato","description_typography_font_size":{"unit":"px","size":17},"eael_tooltip_section_content":"I am a tooltip"},"elements":[],"isInner":false,"widgetType":"image-box","elType":"widget"}],"isInner":true,"elType":"column"}],"isInner":true,"elType":"section"},{"id":"2de39714","settings":{"structure":"30"},"elements":[{"id":"3ef03284","settings":{"_column_size":33,"_inline_size":null},"elements":[{"id":"4ab8a858","settings":{"image":{"id":107,"url":"https:\/\/mitra.phhijab.com\/wp-content\/uploads\/2019\/07\/iconfinder_hourglass_1055043.png"},"title_text":"TIDAK TERIKAT WAKTU","description_text":"Bunda akan diberi akses grup diskusi privat di WA agar memudahkan anda untuk bertanya jadi gak usah pusing-pusing.","image_size":{"unit":"%","size":50},"title_color":"#000000","title_typography_typography":"custom","title_typography_font_family":"Lato","description_typography_typography":"custom","description_typography_font_family":"Lato","description_typography_font_size":{"unit":"px","size":17},"eael_tooltip_section_content":"I am a tooltip"},"elements":[],"isInner":false,"widgetType":"image-box","elType":"widget"}],"isInner":true,"elType":"column"},{"id":"7410fc3e","settings":{"_column_size":33,"_inline_size":null},"elements":[{"id":"7d016148","settings":{"image":{"id":108,"url":"https:\/\/mitra.phhijab.com\/wp-content\/uploads\/2019\/07\/iconfinder_phone_1287515.png"},"title_text":"DUKUNGAN TIM","description_text":"Perlu bantuan untuk konsultasi seputar produk & Bagaimana pemasaran? Jangan khawatir, Customer Service selalu siap Siaga membantu Anda!","image_size":{"unit":"%","size":50},"title_color":"#000000","title_typography_typography":"custom","title_typography_font_family":"Lato","description_typography_typography":"custom","description_typography_font_family":"Lato","description_typography_font_size":{"unit":"px","size":17},"eael_tooltip_section_content":"I am a tooltip"},"elements":[],"isInner":false,"widgetType":"image-box","elType":"widget"}],"isInner":true,"elType":"column"},{"id":"44e42887","settings":{"_column_size":33,"_inline_size":null},"elements":[{"id":"3e2aacae","settings":{"image":{"id":109,"url":"https:\/\/mitra.phhijab.com\/wp-content\/uploads\/2019\/07\/delivery.png"},"title_text":"PENGIRIMAN TERJAMIN","description_text":"Paket akan di packing dengan baik dan Garansi sampai barang tiba dirumah Anda.","image_size":{"unit":"%","size":50},"title_color":"#000000","title_typography_typography":"custom","title_typography_font_family":"Lato","description_typography_typography":"custom","description_typography_font_family":"Lato","description_typography_font_size":{"unit":"px","size":17},"eael_tooltip_section_content":"I am a tooltip"},"elements":[],"isInner":false,"widgetType":"image-box","elType":"widget"}],"isInner":true,"elType":"column"}],"isInner":true,"elType":"section"}],"isInner":false,"elType":"column"}],"isInner":false,"elType":"section"},{"id":"6a85127f","settings":{"background_background":"classic","border_border":"dashed","border_width":{"unit":"px","top":"0","right":"0","bottom":"0","left":"0","isLinked":false},"background_color_b":"#a9287b","background_gradient_angle":{"unit":"deg","size":270},"background_image":{"id":100,"url":"https:\/\/mitra.phhijab.com\/wp-content\/uploads\/2019\/07\/doodle-1.jpg"},"background_overlay_background":"classic","background_overlay_color":"#000000","background_overlay_opacity":{"unit":"px","size":"0.95"},"background_attachment":"fixed"},"elements":[{"id":"55897aae","settings":{"_column_size":100,"_inline_size":null},"elements":[{"id":"ec06ce9","settings":{"space":{"unit":"px","size":10},"eael_tooltip_section_content":"I am a tooltip"},"elements":[],"isInner":false,"widgetType":"spacer","elType":"widget"},{"id":"10b6e1a4","settings":{"content_width":{"unit":"px","size":"700"}},"elements":[{"id":"7d2d7bc8","settings":{"_column_size":100,"_inline_size":null},"elements":[{"id":"6bf0ab8f","settings":{"title":"<p><span style=\"color: #FECB01; background-color: initial;\">TESTIMONI<\/span><\/p>","align":"center","typography_typography":"custom","typography_font_size":{"unit":"px","size":34},"typography_font_family":"Lato","title_color":"#ffffff","typography_font_size_mobile":{"unit":"px","size":19},"typography_line_height":{"unit":"em","size":1.3},"eael_tooltip_section_content":"I am a tooltip"},"elements":[],"isInner":false,"widgetType":"heading","elType":"widget"}],"isInner":true,"elType":"column"}],"isInner":true,"elType":"section"}],"isInner":false,"elType":"column"}],"isInner":false,"elType":"section"},{"id":"627cc9bd","settings":{"margin":{"unit":"px","top":"0","right":0,"bottom":"0","left":0,"isLinked":false},"background_background":"classic","background_color":"#ffffff"},"elements":[{"id":"174af36","settings":{"_column_size":100},"elements":[{"id":"133dbb09","settings":{"structure":"20"},"elements":[{"id":"49b3f97f","settings":{"_column_size":50,"_inline_size":54.821},"elements":[{"id":"14b88512","settings":{"image":{"id":147,"url":"https:\/\/mitra.phhijab.com\/wp-content\/uploads\/2019\/08\/WhatsApp-Image-2019-08-06-at-16.02.56-1.jpeg"},"eael_tooltip_section_content":"I am a tooltip"},"elements":[],"isInner":false,"widgetType":"image","elType":"widget"}],"isInner":true,"elType":"column"},{"id":"2278cce","settings":{"_column_size":50,"_inline_size":45.179},"elements":[{"id":"335d298c","settings":{"image":{"id":146,"url":"https:\/\/mitra.phhijab.com\/wp-content\/uploads\/2019\/08\/WhatsApp-Image-2019-08-06-at-16.02.56.jpeg"},"eael_tooltip_section_content":"I am a tooltip"},"elements":[],"isInner":false,"widgetType":"image","elType":"widget"}],"isInner":true,"elType":"column"}],"isInner":true,"elType":"section"},{"id":"44d9a809","settings":{"structure":"20"},"elements":[{"id":"64fac8cd","settings":{"_column_size":50,"_inline_size":50},"elements":[{"id":"7aeb1c23","settings":{"image":{"id":145,"url":"https:\/\/mitra.phhijab.com\/wp-content\/uploads\/2019\/08\/WhatsApp-Image-2019-08-06-at-16.02.55-2-768x576.jpeg"},"eael_tooltip_section_content":"I am a tooltip"},"elements":[],"isInner":false,"widgetType":"image","elType":"widget"}],"isInner":true,"elType":"column"},{"id":"8495ed9","settings":{"_column_size":50,"_inline_size":50},"elements":[{"id":"51c9bd3c","settings":{"image":{"id":144,"url":"https:\/\/mitra.phhijab.com\/wp-content\/uploads\/2019\/08\/WhatsApp-Image-2019-08-06-at-16.02.55-768x576.jpeg"},"eael_tooltip_section_content":"I am a tooltip"},"elements":[],"isInner":false,"widgetType":"image","elType":"widget"}],"isInner":true,"elType":"column"}],"isInner":true,"elType":"section"},{"id":"13c639f2","settings":{"link":"https:\/\/youtu.be\/24HTBb4QAac"},"elements":[],"isInner":false,"widgetType":"lp_video_youtube","elType":"widget"}],"isInner":false,"elType":"column"}],"isInner":false,"elType":"section"},{"id":"48d9e2cf","settings":{"margin":{"unit":"px","top":"0","right":0,"bottom":"0","left":0,"isLinked":false},"background_background":"classic","background_color":"#ffffff"},"elements":[{"id":"2da7073a","settings":{"_column_size":100},"elements":[{"id":"725799ff","settings":{"eael_tooltip_section_content":"I am a tooltip"},"elements":[],"isInner":false,"widgetType":"divider","elType":"widget"},{"id":"3d104258","settings":{"content_width":{"unit":"px","size":"700"}},"elements":[{"id":"1515886d","settings":{"_column_size":100,"_inline_size":null},"elements":[{"id":"4ba35d45","settings":{"title":"Kenapa harus produk <strong><span style=\"color: #ffb200\">Fashion?<\/span><\/strong>","align":"center","title_color":"rgba(0,0,0,0.74)","typography_typography":"custom","typography_font_size":{"unit":"px","size":33},"typography_font_family":"Lato","_margin":{"unit":"px","top":"-10","right":"0","bottom":"0","left":"0","isLinked":false},"typography_font_size_mobile":{"unit":"px","size":26},"typography_line_height":{"unit":"em","size":1.1},"eael_tooltip_section_content":"I am a tooltip"},"elements":[],"isInner":false,"widgetType":"heading","elType":"widget"}],"isInner":true,"elType":"column"}],"isInner":true,"elType":"section"},{"id":"a938fc9","settings":{"eael_tooltip_section_content":"I am a tooltip"},"elements":[],"isInner":false,"widgetType":"divider","elType":"widget"},{"id":"50aeae2c","settings":{"structure":"40","background_background":"classic"},"elements":[{"id":"31213e96","settings":{"_column_size":25,"_inline_size":null},"elements":[{"id":"1216e9b5","settings":{"title_text":"Marketshare Sangat Luas","description_text":"Tidak seperti produk lain, Fashion merupakan lini produk dengan marketshare yang masih sangat luas, jadi anda berpeluang untuk mengambil bagian di dalamnya.","primary_color":"#000000","title_color":"#000000","description_color":"rgba(0,0,0,0.87)","title_typography_typography":"custom","title_typography_font_family":"Lato","description_typography_typography":"custom","description_typography_font_family":"Lato","eael_tooltip_section_content":"I am a tooltip","selected_icon":{"value":"","library":""}},"elements":[],"isInner":false,"widgetType":"icon-box","elType":"widget"}],"isInner":true,"elType":"column"},{"id":"56fb123c","settings":{"_column_size":25,"_inline_size":null},"elements":[{"id":"48be3c77","settings":{"title_text":"Repeat Order Sangat Tinggi","description_text":"Semua orang butuh sandang. maka dari itu rata-rata mereka akan order kembali jika produk yang mereka butuhkan pakaian yang baru.","primary_color":"#000000","title_color":"#000000","description_color":"#000000","title_typography_typography":"custom","title_typography_font_family":"Lato","description_typography_typography":"custom","description_typography_font_family":"Lato","eael_tooltip_section_content":"I am a tooltip","selected_icon":{"value":"","library":""}},"elements":[],"isInner":false,"widgetType":"icon-box","elType":"widget"}],"isInner":true,"elType":"column"},{"id":"64be029c","settings":{"_column_size":25,"_inline_size":null},"elements":[{"id":"5f04d5aa","settings":{"title_text":"Target Market Mudah Dicari","description_text":"Mencari target market fashion sangatlah mudah.","primary_color":"#000000","title_color":"#000000","description_color":"#000000","title_typography_typography":"custom","title_typography_font_family":"Lato","description_typography_typography":"custom","description_typography_font_family":"Lato","eael_tooltip_section_content":"I am a tooltip","selected_icon":{"value":"","library":""}},"elements":[],"isInner":false,"widgetType":"icon-box","elType":"widget"}],"isInner":true,"elType":"column"},{"id":"6dc54294","settings":{"_column_size":25,"_inline_size":null},"elements":[{"id":"37b73826","settings":{"title_text":"Pakaian Merupakan Kebutuhan","description_text":"Pakaian merupakan barang penting dan salah satu kebutuhan wanita, jadi peluang laku sangat besar.","primary_color":"#000000","title_color":"#000000","description_color":"#000000","title_typography_typography":"custom","title_typography_font_family":"Lato","description_typography_typography":"custom","description_typography_font_family":"Lato","eael_tooltip_section_content":"I am a tooltip","selected_icon":{"value":"","library":""}},"elements":[],"isInner":false,"widgetType":"icon-box","elType":"widget"}],"isInner":true,"elType":"column"}],"isInner":true,"elType":"section"},{"id":"34e4b3ef","settings":{"eael_tooltip_section_content":"I am a tooltip"},"elements":[],"isInner":false,"widgetType":"divider","elType":"widget"},{"id":"1f69c66e","settings":{"content_width":{"unit":"px","size":"700"}},"elements":[{"id":"263828da","settings":{"_column_size":100,"_inline_size":null},"elements":[{"id":"7e7c2438","settings":{"title":"<strong><span style=\"color: #ffb200\">Produk<\/span><\/strong> unggulan yang bisa Bunda Jual","align":"center","title_color":"rgba(0,0,0,0.74)","typography_typography":"custom","typography_font_size":{"unit":"px","size":"40"},"typography_font_family":"Lato","_margin":{"unit":"px","top":"-10","right":"0","bottom":"0","left":"0","isLinked":false},"typography_font_size_mobile":{"unit":"px","size":22},"typography_line_height":{"unit":"em","size":1.1},"eael_tooltip_section_content":"I am a tooltip"},"elements":[],"isInner":false,"widgetType":"heading","elType":"widget"}],"isInner":true,"elType":"column"}],"isInner":true,"elType":"section"},{"id":"1334a94b","settings":{"eael_tooltip_section_content":"I am a tooltip"},"elements":[],"isInner":false,"widgetType":"divider","elType":"widget"},{"id":"155c3619","settings":[],"elements":[{"id":"52c6effa","settings":{"_column_size":100,"_inline_size":null},"elements":[{"id":"6fec2259","settings":{"image":{"id":148,"url":"https:\/\/mitra.phhijab.com\/wp-content\/uploads\/2019\/08\/Screenshot_1.png"},"image_size":"full","link_to":"file","eael_tooltip_section_content":"I am a tooltip"},"elements":[],"isInner":false,"widgetType":"image","elType":"widget"}],"isInner":true,"elType":"column"}],"isInner":true,"elType":"section"},{"id":"68b9d491","settings":{"structure":"30"},"elements":[{"id":"4db20c1d","settings":{"_column_size":33,"_inline_size":null},"elements":[{"id":"329dd63","settings":{"image":{"id":152,"url":"https:\/\/mitra.phhijab.com\/wp-content\/uploads\/2019\/08\/Khimar-Aisha-DSLY-004-1024x1024.jpg"},"image_size":"medium_large","caption":"Jilbab Stylish","link_to":"file","eael_tooltip_section_content":"I am a tooltip"},"elements":[],"isInner":false,"widgetType":"image","elType":"widget"}],"isInner":true,"elType":"column"},{"id":"54f39a9f","settings":{"_column_size":33,"_inline_size":null},"elements":[{"id":"7a56fee7","settings":{"image":{"id":151,"url":"https:\/\/mitra.phhijab.com\/wp-content\/uploads\/2019\/08\/Khimar-Khayra-DSLY-004-1024x1024.jpg"},"image_size":"medium_large","caption":"Khimar","link_to":"file","eael_tooltip_section_content":"I am a tooltip"},"elements":[],"isInner":false,"widgetType":"image","elType":"widget"}],"isInner":true,"elType":"column"},{"id":"3f30a6f0","settings":{"_column_size":33,"_inline_size":null},"elements":[{"id":"55fb6af6","settings":{"image":{"id":150,"url":"https:\/\/mitra.phhijab.com\/wp-content\/uploads\/2019\/08\/Segi-Empat-Shakira-004-1024x1024.jpg"},"image_size":"medium_large","caption":"Phastan","link_to":"file","eael_tooltip_section_content":"I am a tooltip"},"elements":[],"isInner":false,"widgetType":"image","elType":"widget"}],"isInner":true,"elType":"column"}],"isInner":true,"elType":"section"},{"id":"36c2f91a","settings":{"structure":"20"},"elements":[{"id":"21ad70ad","settings":{"_column_size":50,"_inline_size":null},"elements":[{"id":"57701a2c","settings":{"image":{"id":153,"url":"https:\/\/mitra.phhijab.com\/wp-content\/uploads\/2019\/08\/MFK-3098-768x1152.jpg"},"image_size":"medium_large","caption":"Jilbab Stylish","link_to":"file","eael_tooltip_section_content":"I am a tooltip"},"elements":[],"isInner":false,"widgetType":"image","elType":"widget"}],"isInner":true,"elType":"column"},{"id":"23137771","settings":{"_column_size":50,"_inline_size":null},"elements":[{"id":"5b116e91","settings":{"image":{"id":154,"url":"https:\/\/mitra.phhijab.com\/wp-content\/uploads\/2019\/08\/MFK-3094-768x1152.jpg"},"image_size":"medium_large","caption":"Phastan","link_to":"file","eael_tooltip_section_content":"I am a tooltip"},"elements":[],"isInner":false,"widgetType":"image","elType":"widget"}],"isInner":true,"elType":"column"}],"isInner":true,"elType":"section"},{"id":"1821b0e9","settings":{"title":"Masih banyak produk lainya...","align":"center","title_color":"#d800f9","typography_typography":"custom","typography_font_family":"Lato","typography_font_size":{"unit":"px","size":30},"_margin":{"unit":"px","top":"20","right":"20","bottom":"20","left":"20","isLinked":true},"typography_font_size_mobile":{"unit":"px","size":19},"eael_tooltip_section_content":"I am a tooltip"},"elements":[],"isInner":false,"widgetType":"heading","elType":"widget"}],"isInner":false,"elType":"column"}],"isInner":false,"elType":"section"},{"id":"160d07be","settings":{"background_background":"classic","border_border":"dashed","border_width":{"unit":"px","top":"0","right":"0","bottom":"0","left":"0","isLinked":false},"background_color_b":"#a9287b","background_gradient_angle":{"unit":"deg","size":270},"background_image":{"id":120,"url":"https:\/\/mitra.phhijab.com\/wp-content\/uploads\/2019\/07\/doodle-2.jpg"},"background_overlay_background":"classic","background_overlay_color":"#000000","background_overlay_opacity":{"unit":"px","size":"0.95"},"background_attachment":"fixed","margin":{"unit":"px","top":"","right":0,"bottom":"","left":0,"isLinked":true},"padding":{"unit":"px","top":"0","right":"0","bottom":"0","left":"0","isLinked":false}},"elements":[{"id":"578c2d32","settings":{"_column_size":100,"_inline_size":null,"background_background":"classic"},"elements":[{"id":"4942ef7f","settings":{"space":{"unit":"px","size":10},"eael_tooltip_section_content":"I am a tooltip"},"elements":[],"isInner":false,"widgetType":"spacer","elType":"widget"},{"id":"5b23464e","settings":{"content_width":{"unit":"px","size":"700"}},"elements":[{"id":"2847c52a","settings":{"_column_size":100,"_inline_size":null},"elements":[{"id":"766543b2","settings":{"title":"<p>Segera Bergabung Karena banyak sekali<br\/> <span style=\"color: #FECB01;\"> Keuntunganya<\/span><\/p>","align":"center","typography_typography":"custom","typography_font_size":{"unit":"px","size":34},"typography_font_family":"Lato","title_color":"#ffffff","typography_font_size_mobile":{"unit":"px","size":17},"typography_line_height":{"unit":"em","size":1.2},"eael_tooltip_section_content":"I am a tooltip"},"elements":[],"isInner":false,"widgetType":"heading","elType":"widget"},{"id":"1fd4f50b","settings":{"space":{"unit":"px","size":"5"},"eael_tooltip_section_content":"I am a tooltip"},"elements":[],"isInner":false,"widgetType":"spacer","elType":"widget"}],"isInner":true,"elType":"column"}],"isInner":true,"elType":"section"}],"isInner":false,"elType":"column"}],"isInner":false,"elType":"section"},{"id":"1cd2a03c","settings":{"margin":{"unit":"px","top":"0","right":0,"bottom":"0","left":0,"isLinked":false},"background_background":"classic","background_color":"#ffffff","padding":{"unit":"px","top":"30","right":"0","bottom":"0","left":"0","isLinked":false}},"elements":[{"id":"5ddefad3","settings":{"_column_size":100},"elements":[{"id":"2bd1f47a","settings":{"icon_list":[{"text":"Anda mendapat panduan marketing berupa ebook dan video tutorial senilai Rp. 249.000","selected_icon":{"value":"fas fa-book","library":"fa-solid"},"_id":"c6cc38a","link":{"url":"","is_external":"","nofollow":""}},{"text":"Dapat Group Support dari tim kami","selected_icon":{"value":"fas fa-thumbs-up","library":"fa-solid"},"_id":"70818c7","link":{"url":"","is_external":"","nofollow":""}},{"text":"File-file testimoni pengiriman yang banyak","selected_icon":{"value":"fas fa-images","library":"fa-solid"},"_id":"f78583c","link":{"url":"","is_external":"","nofollow":""}},{"text":"Diskon produk All item, dan barang ready stok","selected_icon":{"value":"fas fa-funnel-dollar","library":"fa-solid"},"_id":"81d529f","link":{"url":"","is_external":"","nofollow":""}},{"text":"Relasi luas, silaturrahmi dengan pedagang lainnya","selected_icon":{"value":"fas fa-sitemap","library":"fa-solid"},"_id":"2f69c00","link":{"url":"","is_external":"","nofollow":""}},{"text":"Berlaku life time, selama usaha ini jalan anda berhak dapat diskon","selected_icon":{"value":"fas fa-business-time","library":"fa-solid"},"_id":"f84c39f","link":{"url":"","is_external":"","nofollow":""}}],"space_between":{"unit":"px","size":17,"sizes":[]},"icon_color":"#8c64ef","icon_size":{"unit":"px","size":44,"sizes":[]},"text_indent":{"unit":"px","size":49,"sizes":[]},"icon_typography_typography":"custom","icon_typography_font_size":{"unit":"px","size":22,"sizes":[]},"icon_typography_font_size_mobile":{"unit":"px","size":17,"sizes":[]},"eael_tooltip_section_content":"I am a tooltip"},"elements":[],"isInner":false,"widgetType":"icon-list","elType":"widget"},{"id":"c70e121","settings":{"title":"Syarat dan Ketentuan Bergabung","align":"center","title_color":"#000000","typography_typography":"custom","typography_font_size":{"unit":"px","size":34,"sizes":[]},"typography_font_size_mobile":{"unit":"px","size":18,"sizes":[]},"typography_line_height_mobile":{"unit":"em","size":1.4,"sizes":[]},"eael_tooltip_section_content":"I am a tooltip","typography_font_weight":"500"},"elements":[],"isInner":false,"widgetType":"heading","elType":"widget"},{"id":"37710a42","settings":{"structure":"30"},"elements":[{"id":"2bdaa78f","settings":{"_column_size":33,"_inline_size":null},"elements":[{"id":"14892bf6","settings":{"text":"DAFTAR RESELER","align":"center","typography_typography":"custom","typography_font_size":{"unit":"px","size":22,"sizes":[]},"typography_line_height":{"unit":"em","size":1.3,"sizes":[]},"typography_font_size_mobile":{"unit":"px","size":16,"sizes":[]},"eael_tooltip_section_content":"I am a tooltip","background_color":"#61ce70","_background_background":"classic","_background_color":"#61ce70"},"elements":[],"isInner":false,"widgetType":"button","elType":"widget"},{"id":"520a1d55","settings":{"icon_list":[{"text":"Belanja Rp. 350.000","selected_icon":{"value":"far fa-check-circle","library":"fa-regular"},"_id":"c6cc38a","link":{"url":"","is_external":"","nofollow":""}},{"text":"Mendapat diskon 20%","selected_icon":{"value":"far fa-check-circle","library":"fa-regular"},"_id":"94131e3","link":{"url":"","is_external":"","nofollow":""}},{"text":"Mendapat Bimbingan Materi Jualan Online","selected_icon":{"value":"far fa-check-circle","library":"fa-regular"},"_id":"cc8db91","link":{"url":"","is_external":"","nofollow":""}},{"text":"Fasilitas Jualan Online","selected_icon":{"value":"far fa-check-circle","library":"fa-regular"},"_id":"34e023c","link":{"url":"","is_external":"","nofollow":""}},{"text":"Foto & Katalog","selected_icon":{"value":"far fa-check-circle","library":"fa-regular"},"_id":"94f806c","link":{"url":"","is_external":"","nofollow":""}},{"text":"Support dari CS","selected_icon":{"value":"far fa-check-circle","library":"fa-regular"},"_id":"daf584f","link":{"url":"","is_external":"","nofollow":""}}],"space_between":{"unit":"px","size":17,"sizes":[]},"icon_color":"#000000","icon_size":{"unit":"px","size":32,"sizes":[]},"text_indent":{"unit":"px","size":20,"sizes":[]},"icon_typography_typography":"custom","icon_typography_font_size":{"unit":"px","size":17,"sizes":[]},"icon_typography_font_size_mobile":{"unit":"px","size":17,"sizes":[]},"eael_tooltip_section_content":"I am a tooltip"},"elements":[],"isInner":false,"widgetType":"icon-list","elType":"widget"}],"isInner":true,"elType":"column"},{"id":"7ea1978a","settings":{"_column_size":33,"_inline_size":null},"elements":[{"id":"27bdd541","settings":{"text":"DAFTAR AGEN","align":"center","typography_typography":"custom","typography_font_size":{"unit":"px","size":22,"sizes":[]},"typography_line_height":{"unit":"em","size":1.3,"sizes":[]},"typography_font_size_mobile":{"unit":"px","size":16,"sizes":[]},"eael_tooltip_section_content":"I am a tooltip","background_color":"#61ce70","_background_background":"classic","_background_color":"#61ce70"},"elements":[],"isInner":false,"widgetType":"button","elType":"widget"},{"id":"41f63fae","settings":{"icon_list":[{"text":"Belanja Rp. 3 Juta","selected_icon":{"value":"far fa-check-circle","library":"fa-regular"},"_id":"c6cc38a","link":{"url":"","is_external":"","nofollow":""}},{"text":"Mendapat diskon 30%","selected_icon":{"value":"far fa-check-circle","library":"fa-regular"},"_id":"94131e3","link":{"url":"","is_external":"","nofollow":""}},{"text":"Mendapat Bimbingan Materi Jualan Online","selected_icon":{"value":"far fa-check-circle","library":"fa-regular"},"_id":"cc8db91","link":{"url":"","is_external":"","nofollow":""}},{"text":"Fasilitas Jualan Online","selected_icon":{"value":"far fa-check-circle","library":"fa-regular"},"_id":"34e023c","link":{"url":"","is_external":"","nofollow":""}},{"text":"Foto & Katalog","selected_icon":{"value":"far fa-check-circle","library":"fa-regular"},"_id":"94f806c","link":{"url":"","is_external":"","nofollow":""}},{"text":"Support dari CS","selected_icon":{"value":"far fa-check-circle","library":"fa-regular"},"_id":"daf584f","link":{"url":"","is_external":"","nofollow":""}}],"space_between":{"unit":"px","size":17,"sizes":[]},"icon_color":"#000000","icon_size":{"unit":"px","size":32,"sizes":[]},"text_indent":{"unit":"px","size":20,"sizes":[]},"icon_typography_typography":"custom","icon_typography_font_size":{"unit":"px","size":17,"sizes":[]},"icon_typography_font_size_mobile":{"unit":"px","size":17,"sizes":[]},"eael_tooltip_section_content":"I am a tooltip"},"elements":[],"isInner":false,"widgetType":"icon-list","elType":"widget"}],"isInner":true,"elType":"column"},{"id":"4c53a3a7","settings":{"_column_size":33,"_inline_size":null},"elements":[{"id":"3d1a0b5b","settings":{"text":"DAFTAR DISTRIBUTOR","align":"center","typography_typography":"custom","typography_font_size":{"unit":"px","size":22,"sizes":[]},"typography_line_height":{"unit":"em","size":1.3,"sizes":[]},"typography_font_size_mobile":{"unit":"px","size":16,"sizes":[]},"eael_tooltip_section_content":"I am a tooltip","background_color":"#61ce70","_background_background":"classic","_background_color":"#61ce70"},"elements":[],"isInner":false,"widgetType":"button","elType":"widget"},{"id":"45201d11","settings":{"icon_list":[{"text":"Belanja Rp. 10 Juta","selected_icon":{"value":"far fa-check-circle","library":"fa-regular"},"_id":"c6cc38a","link":{"url":"","is_external":"","nofollow":""}},{"text":"Mendapat diskon 40%","selected_icon":{"value":"far fa-check-circle","library":"fa-regular"},"_id":"94131e3","link":{"url":"","is_external":"","nofollow":""}},{"text":"Mendapat Bimbingan Materi Jualan Online","selected_icon":{"value":"far fa-check-circle","library":"fa-regular"},"_id":"cc8db91","link":{"url":"","is_external":"","nofollow":""}},{"text":"Fasilitas Jualan Online","selected_icon":{"value":"far fa-check-circle","library":"fa-regular"},"_id":"34e023c","link":{"url":"","is_external":"","nofollow":""}},{"text":"Foto & Katalog","selected_icon":{"value":"far fa-check-circle","library":"fa-regular"},"_id":"94f806c","link":{"url":"","is_external":"","nofollow":""}},{"text":"Support dari CS","selected_icon":{"value":"far fa-check-circle","library":"fa-regular"},"_id":"daf584f","link":{"url":"","is_external":"","nofollow":""}},{"text":"Sistem PO","selected_icon":{"value":"far fa-check-circle","library":"fa-regular"},"_id":"e7e7f7c","link":{"url":"","is_external":"","nofollow":""}}],"space_between":{"unit":"px","size":17,"sizes":[]},"icon_color":"#000000","icon_size":{"unit":"px","size":32,"sizes":[]},"text_indent":{"unit":"px","size":20,"sizes":[]},"icon_typography_typography":"custom","icon_typography_font_size":{"unit":"px","size":17,"sizes":[]},"icon_typography_font_size_mobile":{"unit":"px","size":17,"sizes":[]},"eael_tooltip_section_content":"I am a tooltip"},"elements":[],"isInner":false,"widgetType":"icon-list","elType":"widget"}],"isInner":true,"elType":"column"}],"isInner":true,"elType":"section"},{"id":"1a13b7b0","settings":{"title":"Chat Admin dengan klik tombol di Bawah","align":"center","title_color":"#000000","typography_typography":"custom","typography_font_size":{"unit":"px","size":22,"sizes":[]},"typography_font_size_mobile":{"unit":"px","size":17,"sizes":[]},"eael_tooltip_section_content":"I am a tooltip","_padding":{"unit":"px","top":"20","right":"0","bottom":"0","left":"0","isLinked":false}},"elements":[],"isInner":false,"widgetType":"heading","elType":"widget"},{"id":"224f0e9e","settings":{"image":{"id":121,"url":"https:\/\/mitra.phhijab.com\/wp-content\/uploads\/2019\/07\/1026981233177998-11-2.gif"},"eael_tooltip_section_content":"I am a tooltip"},"elements":[],"isInner":false,"widgetType":"image","elType":"widget"},{"id":"76a1b132","settings":{"image":{"id":122,"url":"https:\/\/mitra.phhijab.com\/wp-content\/uploads\/2019\/07\/admin-ajax-300x96.png"},"image_size":"medium","link_to":"custom","link":{"url":"https:\/\/mauorder.online\/daftarnoershe","is_external":"","nofollow":""},"eael_tooltip_section_content":"I am a tooltip"},"elements":[],"isInner":false,"widgetType":"image","elType":"widget"},{"id":"2cd8c42","settings":{"text":"DAFTAR SEKARANG","phone":"0812345678","message":"Halo, saya tertarik dengan produk ini. Terimakasih.","floating":"yes","floating_bg_color":"#ff003f","typography_typography":"custom","typography_font_size":{"unit":"px","size":22,"sizes":[]},"background_color":"#ff003f","eael_tooltip_section_content":"I am a tooltip"},"elements":[],"isInner":false,"widgetType":"button_whatsapp","elType":"widget"},{"id":"79bf28ca","settings":{"title":"*Slot Mitra Terbatas, Pendaftaran bisa ditutup sewaktu-waktu tanpa pemberitahuan.","align":"center","title_color":"#0c0c0c","typography_typography":"custom","typography_font_family":"Roboto","typography_font_size":{"unit":"px","size":18},"typography_font_size_mobile":{"unit":"px","size":14},"typography_font_weight":"400","typography_font_style":"italic","eael_tooltip_section_content":"I am a tooltip"},"elements":[],"isInner":false,"widgetType":"heading","elType":"widget"},{"id":"184f21df","settings":{"space":{"unit":"px","size":150},"eael_tooltip_section_content":"I am a tooltip"},"elements":[],"isInner":false,"widgetType":"spacer","elType":"widget"}],"isInner":false,"elType":"column"}],"isInner":false,"elType":"section"},{"id":"17ebfdc9","settings":{"background_background":"classic","background_color":"#f9f9f9"},"elements":[{"id":"4a79a776","settings":{"_column_size":100},"elements":[{"id":"4f121afa","settings":{"section_title":"","title":"FAQ","link":{"is_external":"","url":""},"size":"large","header_size":"h3","align":"center","section_title_style":"","title_color":"#000000","typography_typography":"custom","typography_font_size":{"unit":"px","size":"39"},"typography_font_weight":"400","typography_text_transform":"uppercase","_section_style":"","_section_background":"","_box_shadow_box_shadow":{"horizontal":0,"vertical":0,"blur":10,"spread":0,"inset":"","color":"rgba(0,0,0,0.5)"},"_section_responsive":"","responsive_description":"","typography_font_size_mobile":{"unit":"px","size":"27"},"eael_tooltip_section_content":"I am a tooltip"},"elements":[],"isInner":false,"widgetType":"heading","elType":"widget"},{"id":"7600abbc","settings":{"section_title":"","tabs":[{"tab_title":"Bagaimana jika barang tidak sesuai dengan gambar yang tertera ?","tab_content":"<p>Jika barang tidak sesuai dengan\u00a0 apa yang digambar, Konsumen boleh mengembalikan atau menukar dengan produk\u00a0dengan produk yang sama.<\/p>","_id":"16f34ab"},{"tab_title":"Apa uang pendaftaran bisa di refund ?","tab_content":"<p>Kita sudah sama-sama komitmen, jadi\u00a0Biaya registrasi yang sudah dibayarkan TIDAK dapat dikembalikan. Jadi pikirkan baik-baik sebelum bergabung.<\/p>","_id":"e597053"},{"tab_title":"Bagaimana cara kami mengetahui Ketersediaan stock produk ?","tab_content":"<p>Bisa langsung menuju website official atau tanyakan langsung dengan CS kami.<\/p>","_id":"3f050f9"},{"tab_title":"Bagaimana caranya bergabung menjadi Mitra PH Hijab","tab_content":"<p>Caranya mudah, cukup dengan menghubungi CS yang tertera pada website officialnya, Atau Bisa langsung melalui website ini.<\/p>","_id":"0864044"}],"section_title_style":"","border_width":{"unit":"px","size":"2"},"border_color":"#eeeeee","title_color":"#4c4c4c","tab_active_color":"#000000","title_typography_typography":"custom","title_typography_font_size":{"unit":"px","size":"21"},"title_typography_font_weight":"300","title_typography_line_height":{"unit":"em","size":1.8},"content_typography_font_size":{"unit":"px","size":15},"_section_style":"","_padding":{"unit":"px","top":"0","right":"0","bottom":"0","left":"0","isLinked":false},"_section_background":"","_box_shadow_box_shadow":{"horizontal":0,"vertical":0,"blur":10,"spread":0,"inset":"","color":"rgba(0,0,0,0.5)"},"_section_responsive":"","responsive_description":"","title_typography_font_size_mobile":{"unit":"px","size":16},"section_toggle":"","section_toggle_style":"","eael_tooltip_section_content":"I am a tooltip"},"elements":[],"isInner":false,"widgetType":"toggle","elType":"widget"}],"isInner":false,"elType":"column"}],"isInner":false,"elType":"section"},{"id":"f4d2007","settings":{"background_background":"classic","background_repeat":"repeat","background_overlay_background":"classic","background_overlay_opacity":{"unit":"px","size":"1"},"background_color":"#000000"},"elements":[{"id":"1c023177","settings":{"_column_size":100,"_inline_size":null},"elements":[{"id":"678b6065","settings":{"content_width":{"unit":"px","size":"700"}},"elements":[{"id":"37c0f2d5","settings":{"_column_size":100,"_inline_size":null},"elements":[{"id":"3f439b3b","settings":{"space":{"unit":"px","size":"1"},"eael_tooltip_section_content":"I am a tooltip"},"elements":[],"isInner":false,"widgetType":"spacer","elType":"widget"},{"id":"40deeb28","settings":{"editor":"<p>Copyright \u00a9 2019. <strong>phhijab.com<\/strong> All Rights Reserved.<\/p>","align":"center","text_color":"#ffffff","typography_typography":"custom","typography_font_size":{"unit":"px","size":"22"},"typography_font_family":"Lato","typography_font_weight":"300","typography_font_size_mobile":{"unit":"px","size":16},"eael_tooltip_section_content":"I am a tooltip"},"elements":[],"isInner":false,"widgetType":"text-editor","elType":"widget"}],"isInner":true,"elType":"column"}],"isInner":true,"elType":"section"}],"isInner":false,"elType":"column"}],"isInner":false,"elType":"section"}],"page_settings":{"padding":{"unit":"px","top":"0","right":"150","bottom":"0","left":"150","isLinked":""},"padding_mobile":{"unit":"px","top":"0","right":"0","bottom":"0","left":"0","isLinked":"1"},"_landingpress_hide_sidebar":"","_landingpress_hide_header":"","_landingpress_hide_menu":"","_landingpress_hide_footerwidgets":"","_landingpress_hide_footer":"","_landingpress_hide_breadcrumb":"","_landingpress_hide_title":"","_landingpress_hide_comments":"","_landingpress_page_width":"0","_landingpress_page_header_custom":"default","_landingpress_page_header_elementor":"","_landingpress_page_footer_custom":"default","_landingpress_page_footer_elementor":"","template":"page_landingpress.php"}}